/*Parte 1.- Introduce en la BBDD los datos del siguiente supuesto, inventa
los datos que no se proporcionan (como códigos) o déjalos en blanco si
es posible.*/
INSERT INTO TRABAJOS VALUES (1, 'Aux. Administrativo', 800, 1300);
INSERT INTO TRABAJOS VALUES (2, 'Administrativo', 1000, 1500);
INSERT INTO TRABAJOS VALUES (3, 'Vendedor', 1000, 2000);
INSERT INTO TRABAJOS VALUES (4, 'Jefe de sección', 1500, 2000);
INSERT INTO TRABAJOS VALUES (5, 'Jefe de departamento', 2000, 8000);
INSERT INTO TRABAJOS VALUES (6, 'Director general', 2500, 9999);
INSERT INTO TRABAJOS VALUES (7, 'CEO', 3000, 9999);
INSERT INTO TRABAJOS VALUES (8, 'carterista', 0, 600);
INSERT INTO TRABAJOS VALUES (9, 'matón', 400, 900);
INSERT INTO TRABAJOS VALUES (10, 'cobrador', 500, 1200);
INSERT INTO TRABAJOS VALUES (11, 'ejecutivo', 1500, 3000);

/*Parte 2.- Añadir los datos del personal de la empresa en las tablas
correspondientes:*/

INSERT INTO UNIVERSIDADES (UNIV_COD, NOMBRE_UNIV, CIUDAD) VALUES (1, 'U. Chicago', 'Chicago');
INSERT INTO UNIVERSIDADES (UNIV_COD, NOMBRE_UNIV, CIUDAD) VALUES (2, 'U. L. Portocarrero', 'Almería');

INSERT INTO DEPARTAMENTOS (DPTO_COD, NOMBRE_DPTO) VALUES (10, 'Cobros y Ejecuciones');
INSERT INTO DEPARTAMENTOS (DPTO_COD, NOMBRE_DPTO) VALUES (20, 'Contabilidad y Finanzas');
INSERT INTO DEPARTAMENTOS (DPTO_COD, NOMBRE_DPTO) VALUES (30, 'Dirección General');

INSERT INTO EMPLEADOS (DNI, NOMBRE, APELLIDO1, FECHA_NAC, SEXO) VALUES ('11111111-H', 'Vito', 'Corleone', '1899-08-01', 'H');
INSERT INTO HISTORIAL_LABORAL VALUES ('11111111-H', 7, '1920-01-01', NULL, 30, NULL);
INSERT INTO HISTORIAL_SALARIAL VALUES ('11111111-H', 8000, '1920-01-01', NULL);
INSERT INTO HISTORIAL_LABORAL VALUES ('11111111-H', 11, '1917-01-01', '1920-01-01', 10, NULL);
INSERT INTO HISTORIAL_SALARIAL VALUES ('11111111-H', 1500, '1917-01-01', '1920-01-01');
INSERT INTO HISTORIAL_LABORAL VALUES ('11111111-H', 10, '1915-01-01', '1917-01-01', 10, NULL);
INSERT INTO HISTORIAL_SALARIAL VALUES ('11111111-H', 900, '1915-01-01', '1917-01-01');

INSERT INTO EMPLEADOS (DNI, NOMBRE, APELLIDO1, FECHA_NAC, SEXO) VALUES ('12345678-Z', 'Michael', 'Corleone', '1920-12-25', 'H');
INSERT INTO ESTUDIOS VALUES ('12345678-Z', 1, 1942, 'Grado', 'Dirección de Empresa');
INSERT INTO HISTORIAL_LABORAL VALUES ('12345678-Z', 5, '1953-01-01', NULL, 10, '11111111-H');
INSERT INTO HISTORIAL_SALARIAL VALUES ('12345678-Z', 7000, '1953-01-01', NULL);
INSERT INTO HISTORIAL_LABORAL VALUES ('12345678-Z', 4, '1948-01-01', '1953-01-01', 20, '11111111-H');
INSERT INTO HISTORIAL_SALARIAL VALUES ('12345678-Z', 1900, '1948-01-01', '1953-01-01');
INSERT INTO HISTORIAL_LABORAL VALUES ('12345678-Z', 2, '1945-01-01', '1948-01-01', 20, '11111111-H');
INSERT INTO HISTORIAL_SALARIAL VALUES ('12345678-Z', 1500, '1945-01-01', '1948-01-01');
INSERT INTO HISTORIAL_LABORAL VALUES ('12345678-Z', 1, '1942-01-01', '1945-01-01', 20, '11111111-H');
INSERT INTO HISTORIAL_SALARIAL VALUES ('12345678-Z', 900, '1942-01-01', '1945-01-01');

INSERT INTO EMPLEADOS (DNI, NOMBRE, APELLIDO1, FECHA_NAC, SEXO) VALUES ('55555555-K', 'Valeria', 'Genovesse', '1930-04-06', 'M');
INSERT INTO ESTUDIOS VALUES ('55555555-K', 1, 1953, 'Grado', 'Dirección de Empresa');
INSERT INTO ESTUDIOS VALUES ('55555555-K', 2, 1948, 'Ciclo Superior', 'Administración y Finanzas');
INSERT INTO HISTORIAL_LABORAL VALUES ('55555555-K', 5, '1956-01-01', NULL, 20, '11111111-H');
INSERT INTO HISTORIAL_SALARIAL VALUES ('55555555-K', 4000, '1956-01-01', NULL);
INSERT INTO HISTORIAL_LABORAL VALUES ('55555555-K', 4, '1953-01-01', '1956-01-01', 20, '12345678-Z');
INSERT INTO HISTORIAL_SALARIAL VALUES ('55555555-K', 1600, '1953-01-01', '1956-01-01');
INSERT INTO HISTORIAL_LABORAL VALUES ('55555555-K', 3, '1949-01-01', '1953-01-01', 20, '12345678-Z');
INSERT INTO HISTORIAL_SALARIAL VALUES ('55555555-K', 1600, '1949-01-01', '1953-01-01');
INSERT INTO HISTORIAL_LABORAL VALUES ('55555555-K', 2, '1948-01-01', '1949-01-01', 20, '12345678-Z');
INSERT INTO HISTORIAL_SALARIAL VALUES ('55555555-K', 1500, '1948-01-01', '1949-01-01');

INSERT INTO EMPLEADOS (DNI, NOMBRE, APELLIDO1, FECHA_NAC, SEXO) VALUES ('12123123-F', 'Ichiro', 'Nakamoto', '1980-09-16', 'O');
INSERT INTO HISTORIAL_LABORAL VALUES ('12123123-F', 3, '2010-01-01', '2016-01-01', 20, '12345678-Z');
INSERT INTO HISTORIAL_SALARIAL VALUES ('12123123-F', 1700, '2010-01-01', '2016-01-01');
INSERT INTO HISTORIAL_LABORAL VALUES ('12123123-F', 2, '2000-01-01', '2010-01-01', 20, '12345678-Z');
INSERT INTO HISTORIAL_SALARIAL VALUES ('12123123-F', 1600, '2000-01-01', '2010-01-01');

INSERT INTO EMPLEADOS (DNI, NOMBRE, APELLIDO1, APELLIDO2, FECHA_NAC, SEXO) VALUES ('45887966-E', 'Francisco', 'Guirado', 'Ruiz', '1992-09-16', 'H');
INSERT INTO HISTORIAL_LABORAL VALUES ('45887966-E', 2, '2015-01-01', NULL, 20, '12345678-Z');
INSERT INTO HISTORIAL_SALARIAL VALUES ('45887966-E', 1500, '2015-01-01', NULL);

/*Parte 3.- Modificar los siguientes departamentos para añadir su jefe y su
presupuesto:*/
UPDATE DEPARTAMENTOS SET JEFE = '12345678-Z', PRESUPUESTO = 1000000 WHERE DPTO_COD = 10;
UPDATE DEPARTAMENTOS SET JEFE = '55555555-K', PRESUPUESTO = 800000 WHERE DPTO_COD = 20;

/*Parte 4.- Modifica todos los sueldos que se hayan dado integramente
entre 1948 y el 1954, aumentándolos en un 15%*/
UPDATE HISTORIAL_SALARIAL 
SET SALARIO = SALARIO * 1.15 
WHERE FECHA_COMIENZO >= '1948-01-01' AND FECHA_FIN <= '1954-12-31';

/*Parte 5.- Borra del historial laboral todos los trabajos de auxiliar
administrativo que se hayan acabado antes del año 1948.*/
DELETE FROM HISTORIAL_LABORAL 
WHERE TRAB_COD = 1 AND FECHA_FIN < '1948-01-01';